trial,t,x,y
5,0.0,3,2
5,0.4614958400015894,5,8
5,0.46819599499940523,11,13
5,0.4751938200024597,18,19
5,0.4821675800012599,24,24
5,0.48915913100063335,29,30
5,0.4962404569996579,34,35
5,0.5033620200010773,38,39
5,0.5103311290004058,42,43
5,0.5172972620021028,46,46
5,0.5243168410015642,49,49
5,0.53130591900117,52,51
5,0.5383210600011807,54,53
5,0.5453881800021918,55,54
5,0.5526093570006196,56,55
5,0.5596973850006179,57,55
5,0.5665721410005062,57,56
5,0.5736089330021059,57,56
5,0.5804535010029213,58,56
5,0.587533745001565,58,57
5,0.5945046000015282,58,57
5,0.6015105670012417,59,57
5,0.6086249030013278,59,58
5,0.6157709069993871,59,58
5,0.6226550880019204,60,58
5,0.6436383840009512,60,58
5,0.6789463580025767,60,58
5,0.6859371040009137,60,59
5,0.6932385310028621,61,59
5,0.7001852590001363,61,59
5,0.7071390210003301,61,60
5,0.7138928109998233,62,60
5,0.7212719400013157,62,60
5,0.7282334960000298,62,61
5,0.7352494360020501,63,61
5,0.7419445460000134,63,61
5,0.7492514610021317,63,62
5,0.7560581720026676,64,62
5,0.7632647499995073,64,62
5,0.7701835110019601,64,63
5,0.777291194001009,65,63
5,0.7842019880008593,65,63
5,0.7911546450013702,65,64
5,0.7982950500008883,66,64
5,0.8051428329999908,66,64
5,0.811971587001608,66,64
5,0.8191687370017462,67,64
5,0.8262371500022709,67,64
5,0.8333154140018451,67,64
5,0.8402672789998178,68,64
5,0.8471355690016935,68,64
5,0.8541615899994213,68,65
5,0.8612258210014261,69,65
5,0.8681472019998182,69,65
5,0.875202300001547,69,65
5,0.8820385380022344,70,66
5,0.8890818120016775,70,66
5,0.896326100002625,70,66
5,0.9034714740009804,70,66
5,0.9104428999999072,71,66
5,0.9173495800023375,71,66
5,0.9243745090025186,71,66
5,0.9314614380018611,72,66
5,0.9383733159993426,72,66
5,0.9454742779998924,72,67
5,0.9522920700001123,73,67
5,0.9595442690006166,73,67
5,0.9664404510003806,73,67
5,0.9735045830020681,74,67
5,0.980497025000659,74,67
5,0.9876502150000306,74,67
5,0.994623345999571,74,67
5,1.0016563019999012,75,67
5,1.0441823060027673,75,68
5,1.078882904999773,75,68
5,1.0858708110026782,75,68
5,1.107158574002824,75,68
5,1.1212752190003812,75,69
5,1.142127890001575,75,69
5,1.32464532800077,75,69
5,1.338510606001364,76,70
5,1.401753712001664,76,71
5,1.416066943002079,77,71
5,1.42313821100106,77,72
5,1.4300386590002745,77,72
5,1.4371292350006115,78,72
5,1.443651272002171,78,73
5,1.450785373999679,78,74
5,1.4578445730003295,79,74
5,1.4726847790007014,79,76
5,1.478899210000236,80,76
5,1.4860253520018887,80,77
5,1.5072740140021779,80,77
5,1.5141198800010898,80,78
5,1.5212672110028507,80,78
5,1.5283511630004796,80,78
5,1.5352006249995611,80,78
5,1.542281976002414,80,79
5,1.640517613999691,80,79
5,1.8724179710006865,80,79
6,0.0,0,-1
6,0.36237903499932145,-2,1
6,0.36992157799977576,-1,1
6,0.376920261001942,0,2
6,0.3836251259999699,1,3
6,0.3909102130019164,4,6
6,0.3978554550012632,8,8
6,0.40490768200106686,12,12
6,0.4119296330027282,18,16
6,0.4187541190003685,23,20
6,0.4259685030010587,28,24
6,0.43286083100247197,32,28
6,0.43982497999968473,38,33
6,0.4468854500009911,43,39
6,0.45377452400134644,49,45
6,0.4607653240018408,56,51
6,0.4678781610018632,61,56
6,0.47496253800272825,65,61
6,0.4818246739996539,69,64
6,0.48884382500182255,72,67
6,0.4958960460025992,75,69
6,0.5029726700013271,77,71
6,0.5098629839994828,80,74
6,0.5170122290001018,82,76
6,0.5240318680007476,85,78
6,0.5312241579995316,87,81
6,0.5380066050020105,90,83
6,0.5449073039999348,92,85
6,0.5520480140003201,95,88
6,0.5590530990011757,97,91
6,0.5660201890023018,99,93
6,0.5731384150021768,102,96
6,0.5799984120021691,104,99
6,0.5872574630011513,105,101
6,0.5941935600021679,107,103
6,0.6012217570023495,108,104
6,0.6082018369997968,109,105
6,0.6152904800001124,110,106
6,0.6222691600014514,110,107
6,0.6299504950002301,111,108
6,0.6362078999991354,111,108
6,0.6430569950025529,111,109
6,0.6503098489993135,112,110
6,0.6786886310001137,112,110
6,0.6854109430023527,112,111
6,0.6927124200010439,112,112
6,0.6995867069999804,112,112
6,0.7065346490016964,112,112
6,0.7138627429994813,113,113
6,0.7204079889997956,113,113
6,0.7279379430001427,114,113
6,0.7349601500027347,114,114
6,0.7418579559998761,114,114
6,0.7486421460016572,115,114
6,0.755727408999519,115,115
6,0.7625876919992152,115,115
6,0.7696970860015426,116,116
6,0.7771965280007862,116,116
6,0.7841459230003238,117,117
6,0.7910159780003596,118,118
6,0.7978626590011118,118,118
6,0.8043323870006134,119,119
6,0.8119379689997004,120,120
6,0.8188867440003378,120,120
6,0.8260115800003405,121,121
6,0.8330883220005489,121,121
6,0.8399225450011727,122,122
6,0.8469530870024755,122,122
6,0.8540091159993608,122,123
6,0.8609311600012006,123,123
6,0.8679780320017016,123,123
6,0.8750166570025613,123,124
6,0.881978967001487,124,124
6,0.888868818001356,124,124
6,0.8959991049996461,124,124
6,0.9031405140012794,125,124
6,0.9171583160023147,125,124
6,0.9240889120010252,125,124
6,0.9313123489991995,126,124
6,0.9382029040025373,127,126
6,0.9452115460007917,129,127
6,0.9520225870001013,130,128
6,1.1139944410024327,130,128
7,0.0,4,0
7,0.4537555440001597,2,6
7,0.4605776250027702,2,12
7,0.4675449220012524,2,19
7,0.4746459930029232,2,27
7,0.48157550300311414,2,36
7,0.48882314799993765,2,45
7,0.4959043119997659,2,52
7,0.5029293130028236,2,58
7,0.5099711270013358,2,62
7,0.5165919230021245,2,66
7,0.5239663720021781,2,69
7,0.5310582630008867,2,71
7,0.5377068800007692,2,73
7,0.545071745000314,2,74
7,0.5521249920020637,2,76
7,0.5590783890002058,2,77
7,0.5657714520020818,2,78
7,0.5730884650001826,2,80
7,0.5798693370015826,2,81
7,0.5868678389997513,2,82
7,0.5938116460019955,2,84
7,0.6007308389998798,2,86
7,0.6081709880018025,1,88
7,0.6148726980027277,1,91
7,0.6219731550008873,0,94
7,0.6290404310020676,0,96
7,0.6360845060007705,0,99
7,0.6430568570031028,0,101
7,0.6501079650006432,0,103
7,0.6568775240011746,0,104
7,0.6641081470006611,0,105
7,0.6711779770012072,-1,106
7,0.6780862049999996,-1,107
7,0.6849925580027048,-1,107
7,0.6920804220026184,-2,108
7,0.699037242000486,-2,109
7,0.7060912130000361,-2,110
7,0.7130920740019064,-3,111
7,0.7200810840004124,-3,112
7,0.7274102680021315,-4,114
7,0.7338948320029886,-4,117
7,0.7409376160030661,-5,119
7,0.7483299150007952,-6,122
7,0.755289669999911,-6,125
7,0.762307865999901,-7,129
7,0.7695349090026866,-8,131
7,0.7762117380007112,-8,133
7,0.7833226729999296,-9,135
7,0.7904771540015645,-9,136
7,0.7974700810009381,-9,137
7,0.804502353999851,-10,138
7,0.8115395630011335,-10,139
7,0.8186079680017428,-11,140
7,0.8255560960024013,-11,140
7,0.8325910470011877,-11,141
7,0.8394927850022214,-11,141
7,0.8469631900006789,-11,142
7,0.8536197680004989,-11,143
7,0.8604562820000865,-11,143
7,0.8680690310029604,-11,144
7,0.875098466000054,-11,145
7,0.8813712139999552,-11,145
7,0.8886976270005107,-11,146
7,0.8958788529998856,-11,147
7,0.9031575720000546,-11,147
7,0.9102628670007107,-11,149
7,0.9168233800010057,-11,149
7,0.923849066002731,-11,150
7,0.9306234600007883,-11,151
7,0.9377097590004269,-11,151
7,0.9448946580014308,-11,152
7,0.9522003310012224,-11,153
7,0.9592656020031427,-11,154
7,0.9660581260031904,-11,155
7,0.9733210560007137,-10,156
7,0.9801861380001355,-9,158
7,0.9870238300027268,-9,161
7,0.9944800410012249,-8,163
7,1.0012642930014408,-7,166
7,1.008292414000607,-6,169
7,1.0152401300001657,-5,171
7,1.0219201970030554,-4,172
7,1.0293233230004262,-4,174
7,1.0363266300009855,-4,175
7,1.0431925900011265,-4,175
7,1.0504627219997928,-4,176
7,1.0572037279998767,-4,176
7,1.0643087759999617,-4,177
7,1.0714560449996497,-4,177
7,1.0781626450007025,-4,178
7,1.0853036740008974,-4,178
7,1.092312173001119,-4,178
7,1.0994012070004828,-4,178
7,1.2470851700018102,-4,178
7,1.2541527720022714,-4,178
7,1.260866659002204,-4,177
7,1.268189345002611,-4,177
7,1.4854151810031908,-4,177
8,0.0,-1,-1
8,0.40484634500171524,-7,-3
8,0.41151831400202354,-13,-7
8,0.41803414300011354,-19,-12
8,0.4248550049996993,-27,-18
8,0.43252608500188217,-36,-24
8,0.43923547500162385,-45,-31
8,0.4468660180027655,-54,-38
8,0.4532803710026201,-64,-46
8,0.4603809399995953,-73,-52
8,0.46767692000139505,-80,-58
8,0.4746113780020096,-87,-63
8,0.48172477400294156,-92,-67
8,0.48838106599941966,-97,-71
8,0.4952984190022107,-100,-74
8,0.5022061689996917,-105,-78
8,0.5088605000019015,-109,-82
8,0.5157929970009718,-114,-87
8,0.5229856620026112,-118,-92
8,0.530435311000474,-123,-97
8,0.5376715430029435,-129,-103
8,0.5447261340013938,-133,-109
8,0.5516955929997494,-137,-114
8,0.5587496719999763,-140,-118
8,0.5655366380015039,-143,-122
8,0.5729663710008026,-146,-125
8,0.5796756529998675,-148,-127
8,0.5866685370019695,-149,-130
8,0.5936418640012562,-151,-132
8,0.6007340710020799,-153,-134
8,0.6076913910001167,-154,-135
8,0.6147009670021362,-155,-137
8,0.6217007690029277,-157,-139
8,0.6288245240029937,-158,-140
8,0.6357114830025239,-159,-141
8,0.6429154480028956,-159,-142
8,0.6498749490019691,-160,-142
8,0.6568827129995043,-161,-143
8,0.6638668240011611,-161,-144
8,0.6710898350029311,-162,-144
8,0.6780269490009232,-163,-145
8,0.6849400400024024,-164,-146
8,0.6918214659999649,-165,-147
8,0.6988902789998974,-166,-148
8,0.7060054160028812,-167,-150
8,0.7129685190011514,-169,-152
8,0.7199886210000841,-171,-153
8,0.7271764300021459,-172,-155
8,0.7339622950021294,-174,-156
8,0.7409986420025234,-175,-157
8,0.7480064209994453,-175,-158
8,0.7549563590000616,-176,-159
8,0.7621015490003629,-177,-159
8,0.7695621750026476,-177,-160
8,0.7763640869998198,-178,-160
8,0.7834470760026306,-178,-160
8,0.7904303960021934,-178,-161
8,0.7971273360017221,-179,-161
8,0.804188439000427,-179,-161
8,0.8114342340013536,-179,-162
8,0.8256159699994896,-179,-162
8,0.8325981310008501,-179,-162
8,0.8393123500027286,-179,-162
8,0.8466521390000707,-179,-163
8,0.853643804002786,-179,-163
8,0.8677934660008759,-179,-163
8,0.8890831230019103,-179,-163
8,1.5272455980011728,-179,-164
8,1.5341939000027196,-180,-164
8,1.5413493880005262,-180,-165
8,1.548448453002493,-180,-166
8,1.555538193002576,-180,-166
8,1.5622807020008622,-180,-167
8,1.5692924979994132,-180,-168
8,1.5767207780008903,-180,-168
8,1.5838149650007836,-180,-169
8,1.5902651180003886,-180,-170
8,1.59773383799984,-180,-170
8,1.6048069490025227,-180,-171
8,1.611508367001079,-180,-171
8,1.6189047230000142,-180,-172
8,1.6252724660007516,-180,-172
8,1.6326743110003008,-180,-172
8,1.639953162000893,-180,-173
8,1.6465816750023805,-180,-173
8,1.653640673001064,-180,-173
8,1.6606205330026569,-180,-173
8,1.6678006270012702,-180,-174
8,1.6747517639996659,-180,-174
8,1.6813751570007298,-180,-174
8,1.8988633430017217,-180,-174
9,0.0,1,-3
9,0.4621620069992787,-2,-9
9,0.46942200099874754,-2,-17
9,0.4761425969991251,-2,-26
9,0.48332709399983287,-3,-33
9,0.4903323899998213,-3,-40
9,0.4973365149999154,-4,-44
9,0.5043664240001817,-4,-48
9,0.5109470450006484,-4,-52
9,0.5180009649993735,-5,-55
9,0.5299114679983177,-5,-58
9,0.532358596999984,-5,-62
9,0.5393327400015551,-5,-65
9,0.5463123580011597,-5,-68
9,0.5532371779991081,-5,-71
9,0.5602853810014494,-5,-74
9,0.5673077409992402,-5,-76
9,0.5742627010004071,-5,-77
9,0.5812201619992265,-5,-79
9,0.5882705900003202,-5,-80
9,0.5953777879985864,-5,-82
9,0.6024674729997059,-5,-84
9,0.6094182029992226,-5,-86
9,0.6164110610006901,-4,-89
9,0.623435794001125,-4,-93
9,0.6310006759995304,-3,-98
9,0.637397410999256,-2,-102
9,0.644513930001267,-1,-107
9,0.6515256909988238,0,-111
9,0.6585482519985817,0,-114
9,0.6655075919989031,1,-116
9,0.6725120439987222,1,-118
9,0.6795194080004876,1,-119
9,0.6866002970018599,1,-120
9,0.6936045729999023,1,-121
9,0.7005564110004343,1,-121
9,0.7076347559996066,1,-122
9,0.7146693760005292,1,-122
9,0.7216746039994177,1,-122
9,0.7290846659998351,1,-123
9,0.7357976050006982,1,-123
9,0.7426781499998469,1,-123
9,0.7499909250000201,1,-123
9,0.757032726000034,1,-124
9,0.7640765979995194,1,-124
9,0.7710177350018057,1,-124
9,0.7779777670002659,1,-125
9,0.7847394890013675,1,-125
9,0.7922961170006602,1,-125
9,0.7992054729984375,1,-125
9,0.8062051390006673,1,-126
9,0.8131926839996595,1,-126
9,0.8204189969983418,1,-126
9,0.8410868930004654,1,-127
9,0.848111905001133,1,-127
9,1.6414478810002038,1,-127
9,1.6487812349987507,1,-126
9,1.6555867710012535,1,-126
9,1.66256085400164,1,-126
9,1.6696034330016118,1,-126
9,1.6765063759994518,1,-125
9,1.6836061350004456,1,-125
9,1.690662673998304,1,-125
9,1.6977652409987058,1,-124
9,1.7047267380003177,1,-124
9,1.7118615780018445,1,-124
9,1.719069678998494,1,-123
9,1.7254723730002297,1,-123
9,1.732893847998639,1,-123
9,1.9924822479988507,1,-123
10,0.0,5,3
10,0.4553734569999506,2,4
10,0.4621265329988091,0,2
10,0.46919164700011606,-2,0
10,0.4760119359998498,-5,-3
10,0.48304580300100497,-7,-7
10,0.4901185179987806,-10,-10
10,0.49720453299960354,-14,-15
10,0.5041812889976427,-17,-19
10,0.5111716399987927,-20,-23
10,0.5181019759984338,-23,-27
10,0.5254165589976765,-25,-30
10,0.5321489489979285,-28,-34
10,0.5393031519997749,-31,-37
10,0.5461921520000033,-35,-41
10,0.5532963660007226,-38,-44
10,0.5604971569991903,-42,-47
10,0.5678411179978866,-45,-50
10,0.5744495680010004,-48,-53
10,0.5813360089996422,-52,-57
10,0.5883999329998915,-55,-59
10,0.5957870220008772,-58,-62
10,0.6024875990005967,-60,-64
10,0.6098157050000736,-62,-65
10,0.6164839310004027,-64,-67
10,0.6235321019994444,-66,-68
10,0.630872031000763,-67,-68
10,0.6375633459974779,-68,-69
10,0.6446033389984223,-69,-69
10,0.6517187989993545,-69,-70
10,0.6588973170000827,-70,-70
10,0.6658850489984616,-71,-70
10,0.6724071530006768,-71,-71
10,0.6796672540003783,-72,-71
10,0.6867281849990832,-73,-71
10,0.7077406469979906,-73,-71
10,0.7146687630011002,-73,-71
10,0.721772148997843,-74,-71
10,0.7287662079979782,-74,-71
10,0.7357913449995976,-74,-71
10,0.7427626629978477,-74,-71
10,0.7498496529988188,-75,-71
10,0.7568032780000067,-75,-71
10,0.7642013859986037,-75,-71
10,0.7709800519987766,-76,-71
10,0.7778088159975596,-76,-71
10,0.7848495869984617,-76,-71
10,0.791897422997863,-77,-72
10,0.7988882989993726,-78,-72
10,0.8059370959999796,-78,-72
10,0.8128866749975714,-78,-72
10,0.819998922997911,-79,-73
10,0.8272526689979713,-80,-73
10,0.8339510400001018,-81,-73
10,0.8411566840004525,-81,-74
10,0.8481420009993599,-82,-74
10,0.8551471489990945,-83,-74
10,0.8621790549987054,-83,-75
10,0.8693762080001761,-83,-75
10,0.8761712739978975,-84,-75
10,0.8831243229979009,-84,-76
10,0.8896673669987649,-84,-76
10,0.8971544979976898,-85,-77
10,0.9042018379986985,-85,-77
10,0.9113501309984713,-85,-77
10,0.9183997660002206,-86,-78
10,0.9256187430000864,-86,-78
10,0.9397379820002243,-86,-78
10,0.9466938080004184,-86,-78
10,0.9536568869989424,-86,-79
10,0.9604208769997058,-86,-79
10,0.9678604979999363,-86,-79
10,0.9748366300009366,-86,-80
10,0.9818145539975376,-86,-80
10,0.988427200998558,-86,-80
10,0.9954953859996749,-86,-80
10,1.0025198580005963,-86,-81
10,1.0098263990003034,-86,-81
10,1.016826717001095,-86,-81
10,1.0233163029988646,-86,-82
10,1.0375937889984925,-86,-82
10,1.0516917790009757,-86,-82
10,1.2974430869981006,-86,-82
11,0.0,2,-2
11,0.5035215300013078,-3,0
11,0.5103558340015297,-8,0
11,0.5170102699994459,-16,0
11,0.5243989270020393,-24,1
11,0.5314907650026726,-33,2
11,0.538036951002141,-41,2
11,0.5454514100019878,-48,2
11,0.5519479670001601,-54,3
11,0.5594615410009283,-58,3
11,0.5660723090004467,-62,3
11,0.5733083070008433,-65,3
11,0.5804507339998963,-68,3
11,0.5874539329997788,-70,3
11,0.5942930960009107,-72,3
11,0.6013233440025942,-73,3
11,0.6084975770027086,-74,3
11,0.6154647399998794,-75,3
11,0.6225681870018889,-76,3
11,0.6296630310025648,-77,3
11,0.6362352889991598,-78,3
11,0.6433750140022312,-79,3
11,0.6504172850000032,-79,3
11,0.6575137079998967,-80,3
11,0.664491227002145,-81,3
11,0.6714544290007325,-81,3
11,0.6785816869996779,-82,3
11,0.6854966920000152,-83,3
11,0.6925696580001386,-85,3
11,0.699627904999943,-86,3
11,0.7066016210010275,-87,3
11,0.7135900780012889,-89,3
11,0.7206891660025576,-90,3
11,0.7275973899995734,-91,3
11,0.7349493309993704,-93,3
11,0.7417399639998621,-94,3
11,0.748591187002603,-95,3
11,0.7557595770012995,-97,3
11,0.762751534999552,-98,3
11,0.7698610260013083,-100,3
11,0.7767742649994034,-101,3
11,0.7838587270016433,-102,3
11,0.790836357002263,-103,3
11,0.7977934760019707,-103,3
11,0.8047362870020152,-104,3
11,0.8116954770011944,-105,3
11,0.8188985220003815,-105,3
11,0.8259892419991957,-106,3
11,0.8332133740004792,-107,3
11,0.840244357001211,-108,3
11,0.8466806520009413,-109,3
11,0.8537492850009585,-110,3
11,0.8609754270000849,-111,3
11,0.8682549450022634,-112,3
11,0.8754640270017262,-113,3
11,0.8822288930023205,-114,3
11,0.889439365000726,-115,3
11,0.8961402360000648,-116,3
11,0.9035087379998004,-117,3
11,0.9101908640004694,-118,3
11,0.9171721780003281,-120,3
11,0.9242003300023498,-121,3
11,0.9318778720007685,-122,3
11,0.9385066370014101,-123,3
11,0.9455436579992238,-124,3
11,0.9522540729994944,-124,3
11,0.9592994520025968,-125,3
11,0.9661218959990947,-126,3
11,0.9733566590002738,-127,3
11,0.9804169369999727,-127,3
11,0.9874251550027111,-128,3
11,0.9942921670008218,-129,3
11,1.001413460002368,-129,3
11,1.0084897330016247,-129,3
11,1.0154190239991294,-129,3
11,1.0224128180016123,-130,3
11,1.0296815690016956,-130,3
11,1.0364698609992047,-130,3
11,1.0435486000023957,-131,3
11,1.0504371000024548,-131,3
11,1.057542235001165,-131,3
11,1.0645564740007103,-131,3
11,1.0716640790014935,-132,3
11,1.0856119420022878,-133,3
11,1.0926399170020886,-133,3
11,1.0994199630004005,-134,3
11,1.1136790710006608,-135,3
11,1.1207499060001282,-136,3
11,1.1276613720001478,-136,3
11,1.1350577440025518,-136,3
11,1.141672114001267,-137,3
11,1.1485187120015325,-137,3
11,1.3667748980005854,-137,3
12,0.0,4,-4
12,0.4901346309998189,8,-2
12,0.4970030639997276,16,-2
12,0.5037522740021814,24,-3
12,0.5107184950029477,33,-3
12,0.5172481120025623,42,-4
12,0.5243114570002945,51,-5
12,0.5317109530005837,58,-6
12,0.5386545809997187,64,-7
12,0.5463143060005677,69,-8
12,0.5528991600003792,73,-9
12,0.5601502019999316,77,-10
12,0.5672052850022737,81,-11
12,0.5735099670018826,84,-12
12,0.5807157270028256,89,-12
12,0.5879522370014456,92,-13
12,0.5951487320016895,96,-14
12,0.6077373700027238,99,-14
12,0.6086588380021567,102,-14
12,0.6161691970009997,104,-15
12,0.6233882030028326,107,-15
12,0.630330474999937,109,-15
12,0.6370363630012434,111,-16
12,0.6443895360025635,113,-16
12,0.6510022470029071,115,-16
12,0.6580479590011237,117,-17
12,0.6650910460011801,119,-17
12,0.6721441180015972,121,-17
12,0.6791341660027683,122,-18
12,0.6861280140001327,123,-18
12,0.6933346760015411,124,-18
12,0.7004109690024052,125,-18
12,0.7073508470020897,125,-18
12,0.7143455330005963,126,-18
12,0.7213072600025043,127,-18
12,0.7283581470001081,128,-18
12,0.7353194710012758,129,-18
12,0.7422431260019948,131,-18
12,0.7494075870017696,133,-18
12,0.7563597870030208,135,-18
12,0.763350466000702,137,-18
12,0.7702313620029599,139,-17
12,0.7774589680011559,141,-17
12,0.7843855480023194,144,-16
12,0.7913393720009481,146,-15
12,0.7984942500006582,149,-14
12,0.8055134620008175,151,-13
12,0.812511081003322,153,-12
12,0.8195933599999989,154,-11
12,0.8265369640030258,156,-10
12,0.8335649220025516,157,-9
12,0.8405477750020509,157,-9
12,0.8477332050024415,158,-8
12,0.8545483570014767,159,-8
12,0.8616203010024037,159,-8
12,0.8686301080015255,160,-7
12,0.8754510960025073,160,-7
12,0.8826647410023725,161,-7
12,0.8897971799997322,161,-6
12,0.8965967100011767,161,-6
12,0.9037229070017929,162,-6
12,0.910694919002708,162,-6
12,0.9177863700024318,162,-5
12,0.9248173590021906,162,-5
12,0.9319145580011536,163,-5
12,0.9388047669999651,163,-5
12,1.1914916269997775,163,-5
13,0.0,5,-7
13,0.5189910529988992,2,-9
13,0.5260184209982981,1,-14
13,0.532807977997436,1,-19
13,0.5400169360000291,1,-23
13,0.5470489889994496,1,-27
13,0.5538056299992604,0,-30
13,0.5610472199987271,0,-34
13,0.5678762309980812,0,-38
13,0.5747726789995795,0,-42
13,0.5819535669979814,0,-47
13,0.5890516309991654,0,-54
13,0.5960347580003145,0,-61
13,0.6030019389982044,1,-69
13,0.6099655549987801,2,-78
13,0.6168967899975542,2,-86
13,0.6239431689973571,3,-93
13,0.6309261539972795,3,-97
13,0.6380637570000545,3,-101
13,0.645195730998239,3,-103
13,0.6519929999994929,3,-105
13,0.6589696650007681,3,-106
13,0.6660332449973794,3,-106
13,0.6731048929977987,3,-107
13,0.6800854169996455,3,-107
13,0.6870298590001767,3,-107
13,0.6941195459985465,3,-108
13,0.7011393590000807,3,-108
13,0.7081578639990767,3,-108
13,0.7154296819971933,3,-109
13,0.7222646579975844,3,-109
13,0.729153172000224,3,-109
13,0.7363623300007021,3,-109
13,0.743869949998043,3,-110
13,0.7501595600006112,3,-110
13,0.7572158650000347,3,-110
13,0.7642448029982916,3,-111
13,0.7711640939996869,3,-111
13,0.7783031260005373,3,-111
13,0.7854150559978734,3,-111
13,0.7924558550002985,3,-112
13,0.7994598119985312,3,-112
13,0.8066560299994308,3,-113
13,0.8137407879985403,3,-114
13,0.8206863509985851,3,-114
13,0.8274286509986268,3,-115
13,0.8343859140004497,3,-116
13,0.8417136579992075,3,-116
13,0.8489089699978649,3,-117
13,0.8559392809984274,3,-118
13,0.8628219940001145,3,-118
13,0.8696561459983059,3,-119
13,0.8769410860004427,3,-119
13,0.8836659400003555,3,-119
13,0.8909456340006727,3,-120
13,0.8978507939973497,3,-120
13,0.9048031749989605,3,-120
13,0.9120079579988669,3,-121
13,0.9186217069982376,3,-121
13,0.9259855290001724,3,-121
13,0.932765637000557,3,-121
13,0.9399746929993853,3,-122
13,0.9470214009998017,3,-122
13,0.9539084719981474,3,-122
13,0.9612952129973564,3,-123
13,0.9679199569982302,3,-123
13,0.9749490359972697,3,-123
13,0.9819355660001747,3,-124
13,0.9889135699995677,3,-124
13,0.9959542760007025,3,-124
13,1.0028993539999647,3,-124
13,1.0098717180007952,2,-125
13,1.0169455840004957,2,-125
13,1.0239235230001213,2,-125
13,1.0309770769999886,2,-126
13,1.0661593449985958,2,-126
13,1.0871705770005065,2,-126
13,1.0942256540001836,2,-126
13,1.1012594229978276,2,-127
13,1.1152073230005044,2,-127
13,1.4099593440005265,2,-127
14,0.0,3,3
14,0.5389188730005117,12,6
14,0.5459600239992142,26,7
14,0.5523536929977126,41,7
14,0.5590895399982401,53,7
14,0.5667560549991322,63,7
14,0.5733026749985584,71,6
14,0.5806663799994567,78,5
14,0.5874816849973286,83,5
14,0.5938528009974107,89,4
14,0.6010458089986059,95,4
14,0.6084883160001482,102,3
14,0.615440170000511,108,2
14,0.622680851000041,114,2
14,0.6298031730002549,120,1
14,0.6369546009991609,126,-1
14,0.6435315419985272,132,-2
14,0.6505922849974013,139,-5
14,0.6576947859975917,146,-7
14,0.6646143430007214,153,-9
14,0.67167670499839,159,-11
14,0.6786559869979101,164,-14
14,0.6858527650001633,170,-16
14,0.6926590729999589,174,-18
14,0.6996271389980393,177,-20
14,0.7067366279989074,180,-21
14,0.7137922759975481,183,-23
14,0.7208118720009224,186,-24
14,0.7278386899997713,188,-25
14,0.7348340299977281,189,-25
14,0.7419006249983795,191,-26
14,0.7488705549985752,192,-26
14,0.7558992029989895,195,-27
14,0.7629365869979665,197,-27
14,0.7697404530008498,200,-27
14,0.7766526289997273,204,-28
14,0.7845688249981322,207,-28
14,0.7908094800004619,211,-28
14,0.7978917789987463,214,-28
14,0.8050409589995979,216,-28
14,0.8122832570006722,219,-28
14,0.8195505519979633,220,-28
14,0.826146934999997,222,-28
14,0.8330744199993205,223,-28
14,0.8402701869999873,225,-28
14,0.8472377090001828,226,-28
14,0.8543483180001203,228,-27
14,0.8611087409990432,230,-27
14,0.8682400889993005,232,-27
14,0.8756031769989931,234,-26
14,0.8826158999981999,237,-26
14,0.8894820569985313,238,-26
14,0.8962075489980634,240,-25
14,0.9033759880003345,241,-25
14,0.9107057510009327,242,-25
14,0.9173262689982948,243,-24
14,0.9243060179978784,243,-24
14,0.9316104860008636,244,-24
14,0.9386667129983834,245,-23
14,0.9456416139983048,245,-23
14,0.9523932629999763,246,-22
14,0.9596688349993201,247,-22
14,0.9665739049996773,248,-22
14,0.9736440859996947,249,-21
14,0.9805825319999713,250,-21
14,0.987744328998815,251,-20
14,0.9946760019993235,252,-20
14,1.001577355000336,253,-19
14,1.008597877000284,254,-18
14,1.0157065210005385,255,-17
14,1.0227078919997439,256,-16
14,1.0296426239983703,257,-15
14,1.03661282900066,258,-14
14,1.0433721720000904,259,-14
14,1.0505799860002298,260,-13
14,1.0578858369990485,260,-12
14,1.0649220819977927,261,-12
14,1.071904304997588,261,-11
14,1.0788506680000864,262,-11
14,1.0861189690003812,262,-10
14,1.092940233000263,262,-10
14,1.0999202999992121,263,-10
14,1.106837199000438,263,-9
14,1.1561052309989464,263,-9
14,1.1630512189985893,263,-8
14,1.1701131839981826,263,-8
14,1.1772456750004494,263,-7
14,1.183871145000012,263,-6
14,1.3807754939989536,263,-6
15,0.0,6,-2
15,0.4472834660009539,0,-4
15,0.4547825160007051,-5,-8
15,0.461325186999602,-10,-13
15,0.4684208979997493,-15,-18
15,0.4754381580023619,-21,-24
15,0.4822914750002383,-27,-30
15,0.4892687579995254,-33,-35
15,0.49644930200156523,-40,-42
15,0.503681164002046,-47,-49
15,0.5104140709991043,-54,-56
15,0.5177402250010346,-62,-63
15,0.5247487689994159,-71,-72
15,0.5317879020003602,-81,-82
15,0.5386910660017747,-93,-93
15,0.5455498070004978,-104,-104
15,0.5528104530021665,-115,-114
15,0.5597564820018306,-124,-123
15,0.5666795130018727,-134,-132
15,0.5735347080008069,-144,-141
15,0.580714692001493,-153,-151
15,0.5879257160013367,-162,-158
15,0.5948731650023547,-169,-165
15,0.6018513230010285,-175,-171
15,0.6087345359992469,-180,-175
15,0.6159676989991567,-184,-179
15,0.6228508550011611,-187,-181
15,0.6298764019993541,-189,-183
15,0.6368653499994252,-191,-184
15,0.6437807459988107,-192,-184
15,0.6508065830021224,-194,-185
15,0.6582023869996192,-194,-185
15,0.6649302480000188,-195,-185
15,0.6858706749990233,-195,-185
15,0.6928647860004276,-195,-185
15,0.6999366240015661,-196,-185
15,0.706867704000615,-196,-185
15,0.7139139729988528,-196,-185
15,0.7209689510018507,-197,-185
15,0.7279406960005872,-197,-185
15,0.7349633900012122,-197,-185
15,0.7419386820001819,-197,-185
15,0.7490846530017734,-198,-185
15,0.7561974099990039,-198,-185
15,0.7625378580014512,-198,-185
15,0.7699441280019528,-199,-185
15,0.776988228000846,-199,-185
15,0.7840918399997463,-199,-185
15,0.7911940769990906,-199,-185
15,0.7982662260001234,-200,-185
15,0.8052175110024109,-200,-185
15,0.8122439860017039,-201,-186
15,0.8196159120016091,-202,-186
15,0.8263839110004483,-203,-187
15,0.8332791150023695,-204,-187
15,0.8404094319994329,-205,-188
15,0.8471694360014226,-206,-189
15,0.8650338639999973,-208,-191
15,0.8683445370006666,-209,-191
15,0.8755351020008675,-209,-191
15,0.8823663789989951,-210,-192
15,0.8894312529992021,-210,-192
15,0.8965333129999635,-211,-192
15,0.9037043060016003,-211,-193
15,0.945595207002043,-211,-193
15,0.9601015449989063,-211,-193
15,1.6405754100014747,-211,-193
15,1.6474389950017212,-211,-193
15,1.6545290460016986,-210,-193
15,1.661885395002173,-210,-193
15,1.668718340999476,-210,-193
15,1.6759020649988088,-209,-193
15,1.6824321509993752,-209,-193
15,1.689726057000371,-209,-193
15,1.69669907700154,-208,-193
15,1.7037152010016143,-208,-194
15,1.7109279360010987,-208,-194
15,1.717685375999281,-207,-194
15,1.7246795870014466,-207,-195
15,1.7317515200011258,-207,-195
15,1.7388352689995372,-206,-195
15,1.7528603239989025,-206,-195
15,1.8229839140003605,-206,-195
15,1.8299675790003676,-206,-195
15,1.8369943750003586,-205,-195
15,2.0194545250014926,-205,-195
16,0.0,3,0
16,0.4997833370034641,5,7
16,0.5067459650017554,11,13
16,0.5146499820002646,18,21
16,0.5217637420028041,27,29
16,0.5287264820035489,36,37
16,0.5357346100026916,44,44
16,0.5428189590020338,51,51
16,0.5497943180016591,58,57
16,0.5563502050026727,63,62
16,0.5633304500006489,67,65
16,0.5703438960008498,72,69
16,0.5773995030031074,75,71
16,0.5844314580026548,78,74
16,0.5912658170018403,81,75
16,0.5985208170022815,82,77
16,0.6052412320022995,84,78
16,0.6122243470017565,85,79
16,0.6193473260027531,86,80
16,0.6263812760007568,86,80
16,0.6334664180030813,87,81
16,0.6404561100025603,87,81
16,0.6474626320014067,87,81
16,0.6545618480013218,88,82
16,0.6614991900023597,88,82
16,0.668258424000669,88,82
16,0.6825363840034697,89,82
16,0.8581584970015683,89,83
16,0.8648712850008451,89,83
16,0.8718587450021005,89,84
16,0.8787905150020379,89,84
16,0.8859423840003728,90,84
16,0.8933128290009336,90,85
16,0.9003594240020902,90,85
16,0.9072566100003314,91,85
16,0.9142750820028596,91,86
16,0.9210825070003921,91,86
16,0.9280228280003939,92,86
16,0.93507330400098,92,87
16,0.9493393900011142,92,87
16,0.9633692250026797,93,88
16,0.9986039150026045,93,89
16,1.0053573110017169,93,89
16,1.012484860002587,94,89
16,1.0195008420014346,94,90
16,1.0335709570026665,94,90
16,1.0476731690032466,95,91
16,1.061842188002629,95,91
16,1.1246619490011653,95,91
16,1.2302686060029373,95,92
16,1.237169278003421,96,92
16,1.4266343680028513,96,92
17,0.0,5,-3
17,0.47415670299960766,8,-2
17,0.4812489230025676,16,-2
17,0.4879080820028321,25,-2
17,0.4954214259996661,36,-2
17,0.5024005039995245,48,-1
17,0.5094087940015015,60,0
17,0.5164312859997153,74,1
17,0.5230676520004636,86,2
17,0.5302574550005374,95,3
17,0.5370218780008145,103,3
17,0.5445286499998474,109,4
17,0.5514465859996562,114,4
17,0.5584293210013129,118,4
17,0.5654173479997553,121,4
17,0.5722147170017706,123,4
17,0.5793422230017313,124,4
17,0.5863376320012321,125,4
17,0.5933527300003334,126,4
17,0.6003740850028407,126,4
17,0.6074214630025381,127,4
17,0.6142208680030308,127,4
17,0.6212872989999596,128,4
17,0.6284261159999005,128,4
17,0.6352808600022399,129,4
17,0.6424762750029913,130,4
17,0.6493976830024621,130,4
17,0.6565282219999062,131,4
17,0.663454958001239,132,4
17,0.6705267540019122,132,4
17,0.6777092090014776,133,4
17,0.6846344950026833,134,3
17,0.6914421330002369,134,3
17,0.6984178599996085,134,3
17,0.7056936270018923,135,3
17,0.7126890750005259,135,3
17,0.7196689049997076,135,3
17,0.7267624430023716,136,3
17,0.7336825109996425,136,3
17,0.7406354030026705,136,3
17,0.7476946380011213,136,3
17,0.7547181560003082,137,3
17,0.7617220749998523,137,3
17,0.7688616660016123,137,3
17,0.7761630060012976,138,3
17,0.7828194790017733,138,3
17,0.7897491389994684,138,3
17,0.7969043200027954,139,3
17,0.8038830479999888,140,3
17,0.8109957460001169,141,3
17,0.818246998001996,142,3
17,0.8247571909996623,144,3
17,0.8320014860000811,146,3
17,0.8388588380003057,147,3
17,0.8462167040015629,148,3
17,0.8588220439996803,149,3
17,0.8600831410003593,150,3
17,0.8671544200005883,151,3
17,0.8744496350009285,151,3
17,0.8814569260030112,152,3
17,0.8882057299997541,153,3
17,0.8955096390018298,153,3
17,0.9024003580016142,153,3
17,0.9090616460016463,154,3
17,0.9160537500029022,154,3
17,0.9234837500007416,155,3
17,0.9301329250010895,155,3
17,0.9373151130021142,156,3
17,0.9445081930025481,157,3
17,0.9585482610018516,157,3
17,0.9655208399999538,157,3
17,0.9724981290019059,158,3
17,0.9864610380027443,158,2
17,0.9935200170002645,159,2
17,1.0145922930023517,159,2
17,1.0215759590028028,159,2
17,1.0285291680011142,159,2
17,1.0355693310011702,159,1
17,1.218162053002743,159,1
18,0.0,3,-1
18,0.5060494419994939,10,10
18,0.5127819569970598,20,20
18,0.519529725999746,33,32
18,0.5265110699983779,45,41
18,0.5338341339993349,53,49
18,0.5405804269976215,60,55
18,0.5478383819972805,66,59
18,0.5547808749979595,71,63
18,0.5616896689971327,75,66
18,0.568629287998192,78,68
18,0.5755976499967801,81,71
18,0.5827781559964933,82,72
18,0.589821003999532,83,73
18,0.5967488779970154,84,74
18,0.6037621629984642,84,74
18,0.6108088609980769,85,74
18,0.6177280960000644,85,75
18,0.6246905809966847,85,75
18,0.6598321839992423,85,75
18,0.6668291519999912,85,75
18,0.6738386919969344,85,76
18,0.6808067099991604,85,76
18,0.6879352069991,85,76
18,0.6950053469990962,85,77
18,0.7020403249989613,85,77
18,0.7088937679982337,85,77
18,0.7159245469993039,86,78
18,0.7721855039999355,87,79
18,0.7862998029995651,87,80
18,0.7935428219971072,87,81
18,0.8002654059964698,87,81
18,0.8077153749982244,87,82
18,0.8147290599990811,89,83
18,0.8216883689965471,91,86
18,0.8286213789979229,93,89
18,0.8355100379994838,95,93
18,0.8426736379988142,99,97
18,0.8497716509991733,102,102
18,0.8563176489988109,105,105
18,0.8627001559980272,108,108
18,0.8700824289990123,109,110
18,0.8777283509989502,111,112
18,0.8847970499991789,112,113
18,0.8914093139974284,113,114
18,0.8985186329991848,114,115
18,0.9055911959985679,114,115
18,0.9126245799998287,115,116
18,0.9196112749996246,115,116
18,0.926676597999176,115,116
18,0.9338321639988862,116,117
18,0.9407230729993898,116,117
18,0.9477347339998232,116,118
18,0.9547157999986666,117,118
18,0.9821384189999662,117,118
18,1.1731324539978232,117,118
19,0.0,6,2
19,0.4166380429996934,2,2
19,0.42344892999972217,0,-1
19,0.43002245599927846,-3,-5
19,0.4374390150005638,-6,-8
19,0.4443179500012775,-9,-12
19,0.4513897739998356,-12,-16
19,0.4585129680017417,-16,-20
19,0.4655525429989211,-20,-24
19,0.47221810500195716,-24,-28
19,0.47925033299907227,-28,-32
19,0.48640741300187074,-33,-36
19,0.4934721880017605,-37,-40
19,0.4998430189989449,-40,-43
19,0.5065504039994266,-44,-45
19,0.5141999430015858,-47,-47
19,0.5214563469999121,-50,-48
19,0.5284217890002765,-53,-49
19,0.5354648210013693,-56,-51
19,0.542458653999347,-59,-51
19,0.5494658230018103,-63,-52
19,0.5564379099996586,-66,-52
19,0.5634665550023783,-70,-52
19,0.5707878620014526,-74,-52
19,0.5774993410013849,-78,-52
19,0.5848181530018337,-82,-51
19,0.5915885040012654,-86,-50
19,0.5985898580001958,-90,-48
19,0.6056162360000599,-93,-46
19,0.6126346130004094,-97,-44
19,0.6193370319997484,-100,-41
19,0.6258590659999754,-104,-37
19,0.6337689840001985,-107,-33
19,0.6510112569994817,-114,-23
19,0.6546874910018232,-116,-17
19,0.6617737349988602,-119,-11
19,0.6690515289992618,-121,-5
19,0.6756492339991382,-123,3
19,0.6828503069991712,-123,11
19,0.6898750940017635,-122,20
19,0.6968467690021498,-121,27
19,0.7039307980012381,-120,33
19,0.711215645998891,-117,39
19,0.7178782930022862,-115,44
19,0.7252612410011352,-112,49
19,0.7323384150004131,-108,54
19,0.7389458059988101,-103,59
19,0.7459299809997901,-98,63
19,0.7533455550001236,-93,67
19,0.7600655850001203,-87,70
19,0.7673697840000386,-81,74
19,0.7742308390006656,-73,76
19,0.7810780799991335,-65,78
19,0.7880387280019931,-57,79
19,0.7951823620023788,-51,80
19,0.8022884150013851,-44,80
19,0.809030348998931,-38,80
19,0.8164872130000731,-33,80
19,0.8233697440009564,-27,80
19,0.8301500320012565,-22,80
19,0.8372375139988435,-17,79
19,0.8442398180013697,-11,78
19,0.851038172000699,-6,77
19,0.85815773899958,0,74
19,0.8655119030008791,6,72
19,0.8722485010002856,12,68
19,0.8793594810013019,19,64
19,0.8864195210007892,25,59
19,0.8934600169995974,30,55
19,0.9004431230023329,34,50
19,0.9074274510021496,37,47
19,0.9143736580008408,41,44
19,0.9214098990014463,43,40
19,0.9284248629992362,46,37
19,0.9354669140011538,49,32
19,0.9424389750020055,51,28
19,0.9495012129991665,54,23
19,0.9564939270021569,57,17
19,0.9635191010020208,59,11
19,0.9706777819992567,61,5
19,0.9775865320007142,63,-2
19,0.9845742799989239,64,-9
19,0.9916150360004394,66,-16
19,0.9986034590001509,66,-23
19,1.0056455599988112,65,-30
19,1.0127675510011613,64,-37
19,1.0196999290019448,62,-45
19,1.0265789379991475,60,-52
19,1.0337635989999399,57,-59
19,1.0408449790011218,54,-64
19,1.0477210610006296,51,-69
19,1.0547854610013019,48,-73
19,1.0618270900013158,44,-77
19,1.069019139999,40,-81
19,1.0757773330005875,35,-85
19,1.0827571289992193,29,-89
19,1.0901298839999072,20,-94
19,1.0969146259994886,8,-99
19,1.1039135190003435,-11,-106
19,1.1113098220012034,-33,-112
19,1.1183484560024226,-54,-115
19,1.1249237199990603,-71,-117
19,1.1319785779996892,-86,-117
19,1.1393506029999116,-98,-116
19,1.14635610500045,-109,-114
19,1.153552738000144,-118,-111
19,1.1604671770001005,-128,-106
19,1.1674082940007793,-137,-101
19,1.1744533150013012,-146,-94
19,1.1811795370012987,-156,-85
19,1.1883663180014992,-165,-71
19,1.1951457120012492,-174,-57
19,1.202132728001743,-180,-41
19,1.209696439000254,-185,-25
19,1.216446544000064,-187,-10
19,1.2232307209997089,-188,4
19,1.2301750970000285,-187,19
19,1.2374413879988424,-185,34
19,1.24446429100135,-181,45
19,1.2514403179993678,-175,56
19,1.258458955999231,-168,67
19,1.2654002500021306,-159,78
19,1.2726610739991884,-149,88
19,1.2795353430010437,-139,96
19,1.286568958999851,-126,105
19,1.2934267970013025,-111,114
19,1.3004171089996817,-97,123
19,1.3074636830024247,-81,132
19,1.314496617000259,-64,141
19,1.3214960170007544,-49,147
19,1.328602839999803,-34,152
19,1.335471578000579,-18,157
19,1.3429338650021236,-3,160
19,1.349546523000754,11,162
19,1.3566967629994906,24,164
19,1.3635683270003938,38,164
19,1.3713757090008585,51,164
19,1.3778783730012947,63,162
19,1.3846965299999283,76,159
19,1.3918201430024055,88,155
19,1.3987430050001421,96,151
19,1.405801552999037,104,145
19,1.412788282999827,110,139
19,1.4198504570013029,116,132
19,1.4267893079995702,122,125
19,1.4338615670021682,127,115
19,1.440890018002392,133,103
19,1.4480565119993116,139,89
19,1.45498058800149,144,71
19,1.4620026459997462,149,49
19,1.4690837460002513,151,31
19,1.475888125001802,151,15
19,1.4829069639999943,151,-1
19,1.4903050089997123,149,-15
19,1.496981925,145,-27
19,1.5035710310003196,141,-39
19,1.5172580229991581,132,-56
19,1.517646660002356,121,-73
19,1.525347378999868,109,-88
19,1.532089291002194,94,-104
19,1.5389556990012352,78,-120
19,1.546112138999888,62,-134
19,1.5533835310016002,46,-145
19,1.5604022430015903,31,-155
19,1.5674862870000652,16,-165
19,1.5744856919991435,-3,-177
19,1.5812591220019385,-23,-188
19,1.5884891630012135,-41,-199
19,1.5955435790019692,-60,-208
19,1.602517503000854,-78,-216
19,1.6093927950023499,-94,-223
19,1.6163688130000082,-111,-229
19,1.6234897260001162,-126,-233
19,1.6304781399994681,-138,-235
19,1.6375312410018523,-148,-235
19,1.6444209260007483,-158,-235
19,1.6515021090017399,-168,-233
19,1.6584953780002252,-178,-230
19,1.6654446280008415,-188,-227
19,1.6728551300002437,-197,-223
19,1.679696465998859,-207,-218
19,1.6866612140001962,-219,-211
19,1.6934801819988934,-231,-202
19,1.7006380960010574,-243,-193
19,1.707675436999125,-254,-183
19,1.714785797001241,-264,-175
19,1.7216570950004098,-272,-167
19,1.7286917730016285,-277,-160
19,1.7356907809989934,-282,-153
19,1.7425637660016946,-287,-146
19,1.7496537949991762,-290,-140
19,1.756653937001829,-292,-133
19,1.7637859810020018,-293,-125
19,1.7712288170005195,-294,-115
19,1.778374031000567,-294,-105
19,1.7848398050009564,-293,-94
19,1.791895441001543,-291,-82
19,1.7985403029997542,-288,-69
19,1.8058993500017095,-284,-58
19,1.81257054100206,-280,-50
19,1.8194838390008954,-276,-43
19,1.8265140610019444,-271,-37
19,1.833862859999499,-265,-31
19,1.8410139389998221,-258,-25
19,1.8480441850006173,-250,-19
19,1.8547658400020737,-241,-12
19,1.8620277990012255,-231,-6
19,1.8694925390009303,-219,3
19,1.876424729001883,-203,13
19,1.8828794100008963,-187,24
19,1.8904250420018798,-173,34
19,1.8972189400010393,-161,41
19,1.9040635029996338,-150,46
19,1.91119801899913,-141,49
19,1.918370079001761,-134,51
19,1.9253763480010093,-127,52
19,1.9322307050024392,-120,53
19,1.9392837710001913,-112,53
19,1.9464279740022903,-104,52
19,1.9535115680009767,-94,50
19,1.960511242999928,-81,47
19,1.967510102000233,-66,40
19,1.9746644469996681,-49,30
19,1.9814752439997392,-33,18
19,1.9884930690022884,-18,2
19,1.9954529630012985,-6,-12
19,2.0027110379996884,3,-26
19,2.01743084500049,13,-49
19,2.023684621999564,16,-64
19,2.0305998180010647,18,-76
19,2.0376121629997215,18,-91
19,2.044675887002086,18,-108
19,2.0515973690016835,17,-122
19,2.0586585650016787,14,-133
19,2.0656599489993823,10,-145
19,2.0730016130000877,3,-157
19,2.079680835002364,-6,-168
19,2.086689962001401,-18,-179
19,2.0937346140017326,-31,-187
19,2.100199402000726,-45,-194
19,2.1073462390013447,-63,-200
19,2.1141498220022186,-82,-205
19,2.121338386001298,-103,-207
19,2.128505386001052,-125,-206
19,2.1354271860000154,-148,-203
19,2.1428218969995214,-172,-198
19,2.149666181001521,-196,-190
19,2.1568818480009213,-219,-181
19,2.163879423002072,-241,-169
19,2.1711905619995377,-263,-155
19,2.1779911250014266,-283,-140
19,2.1849620409993804,-301,-122
19,2.191974363002373,-315,-103
19,2.198924326999986,-327,-85
19,2.206090038002003,-335,-68
19,2.213049748999765,-340,-51
19,2.220026199000131,-343,-36
19,2.2274404509989836,-343,-26
19,2.2344297260024177,-342,-16
19,2.241545799999585,-339,-9
19,2.2484129350013973,-336,-4
19,2.2554570780012,-332,2
19,2.2623072900023544,-327,6
19,2.2697177400004875,-321,10
19,2.2766193749994272,-315,13
19,2.283454301999882,-308,16
19,2.290517515000829,-303,18
19,2.297491306999291,-298,19
19,2.304527969001356,-294,21
19,2.3114897390005353,-290,21
19,2.318529414002114,-287,21
19,2.3255347220001568,-283,21
19,2.3324274030019296,-278,21
19,2.339544214999478,-272,21
19,2.3464411160020973,-265,20
19,2.3535470610004268,-259,18
19,2.3605558929994004,-253,16
19,2.3673236960021313,-248,14
19,2.3748621660015488,-245,12
19,2.3816789880002034,-243,11
19,2.3888538950013753,-242,9
19,2.3957115880002675,-241,8
19,2.4027214550005738,-240,7
19,2.409719960000075,-240,7
19,2.4167639890001738,-240,6
19,2.423753545001091,-240,5
19,2.4307940780017816,-240,4
19,2.4377002450019063,-240,4
19,2.4448129199990944,-240,3
19,2.4519220610018237,-240,3
19,2.458937979001348,-241,2
19,2.4660438329992758,-241,2
19,2.473526182999194,-241,2
19,2.4800925019990245,-242,1
19,2.487092653002037,-242,1
19,2.4942725420005445,-242,1
19,2.5014805640021223,-243,0
19,2.5076035910024075,-243,0
19,2.514254698999139,-243,0
19,2.522363504001987,-243,-1
19,2.5290610490010295,-243,-1
19,2.5784389059990644,-243,-1
19,2.5854987679995247,-242,-1
19,2.5921187740023015,-242,-1
19,2.5997707249989617,-241,-1
19,2.606518706001225,-240,-1
19,2.613230453000142,-240,-1
19,2.6204131380000035,-240,-1
19,2.627602749002108,-240,-1
19,2.634524766999675,-239,-1
19,2.6415322800021386,-239,-1
19,2.648468049999792,-239,-1
19,2.655543630000466,-238,-1
19,2.662432302000525,-238,-1
19,2.6703925850015366,-238,-1
19,2.6768271120017744,-237,-1
19,2.6904607910000777,-237,-1
19,2.6975282589992275,-237,-1
19,2.704572940001526,-236,-1
19,2.7115791630021704,-236,-1
19,2.718625597000937,-236,-1
19,2.7258180110002286,-235,-1
19,2.732673024001997,-235,-1
19,2.7400023430018337,-234,-1
19,2.7467452330020024,-233,-1
19,2.753631496001617,-233,0
19,2.7606002610009455,-232,0
19,2.767711521999445,-231,0
19,2.775123085000814,-231,1
19,2.7818448760008323,-230,1
19,2.78876431900062,-229,1
19,2.795962619002239,-229,2
19,2.802842622000753,-228,2
19,2.8097452069996507,-227,2
19,2.8170197950021247,-227,3
19,2.824037752001459,-226,3
19,2.8310622099998,-225,4
19,2.838259429001482,-225,4
19,2.844962431001477,-224,5
19,2.85180657300225,-223,6
19,2.8586714640005084,-223,6
19,2.866125838001608,-222,7
19,2.8733679079996364,-221,7
19,2.879687124001066,-221,7
19,2.8874737830010417,-220,8
19,2.8942489469991415,-220,8
19,2.9013897420009016,-220,8
19,2.9084446630004095,-219,9
19,2.9151790460018674,-219,9
19,2.922338242002297,-219,9
19,2.9291596290022426,-218,10
19,3.182002374000149,-218,10
